{
  "oil_consumption_calculation": {
    "must_need_parameters": [
      {
        "name": "age",
        "why_needed": "Affects metabolism. Younger people burn more calories, older people burn less.",
        "formula_used": "-5 × age (inside BMR)",
        "calculation_effect": {
          "younger": "Subtracts a smaller number → higher BMR → higher TEE → more oil allowed.",
          "older": "Subtracts a larger number → lower BMR → lower TEE → less oil allowed."
        }
      },
      {
        "name": "sex",
        "why_needed": "Men and women have different metabolic rates.",
        "formula_used": {
          "male": "+5",
          "female": "-161"
        },
        "calculation_effect": "Females have lower BMR → lower TEE → lower oil intake."
      },
      {
        "name": "weight_kg",
        "why_needed": "Heavier individuals require more calories.",
        "formula_used": "10 × weight",
        "calculation_effect": "Increases BMR → increases TEE → increases oil requirement."
      },
      {
        "name": "height_cm",
        "why_needed": "Taller people burn more calories.",
        "formula_used": "6.25 × height",
        "calculation_effect": "Higher height → higher BMR → more oil allowed."
      },
      {
        "name": "activity_level",
        "why_needed": "Daily movement determines total calorie burn.",
        "levels": {
          "sedentary": "TEE = BMR × 1.2",
          "moderate": "TEE = BMR × 1.55",
          "high": "TEE = BMR × 1.725"
        },
        "calculation_effect": "More activity → higher TEE → more oil needed."
      }
    ],

    "optional_parameters": [
      {
        "name": "disease_condition",
        "why_needed": "Different conditions require different fat (oil) percentages.",
        "pct_fat_values": {
          "healthy": "0.25 - 0.30",
          "heart_disease_CVD": "0.20 - 0.25",
          "underweight": "0.30 - 0.35"
        },
        "effect": "Changes fat_kcal → fat_g → oil_tbsp."
      },
      {
        "name": "geo_region",
        "why_needed": "Used only to suggest oil type.",
        "formula_used": "None",
        "effect": "Does not affect calculations."
      },
      {
        "name": "weight_goal",
        "why_needed": "Adjust TEE based on goal.",
        "formula_used": {
          "lose_weight": "TEE × 0.8",
          "gain_weight": "TEE × 1.2"
        },
        "effect": "Final oil intake changes by altering TEE."
      },
      {
        "name": "diet_preference",
        "why_needed": "Helps choose suitable oil.",
        "formula_used": "None",
        "effect": "No effect on quantity."
      },
      {
        "name": "preferred_oil_type",
        "why_needed": "Different oils have different density.",
        "formula_used": "oil_tbsp = fat_g / oil_density",
        "default_density": "13.5 g per tablespoon",
        "effect": "Changes the final tbsp amount slightly."
      },
      {
        "name": "body_fat_percentage",
        "why_needed": "Provides more accurate BMR for athletes.",
        "formula_used": {
          "LBM": "weight × (1 - bodyFat%)",
          "BMR": "370 + 21.6 × LBM"
        },
        "effect": "Replaces the standard BMR calculation."
      },
      {
        "name": "pregnancy_lactation_child_age",
        "why_needed": "Special calorie needs.",
        "formula_used": {
          "pregnancy": "TEE + 300",
          "lactation": "TEE + 450",
          "children": "Different pct_fat depending on age"
        },
        "effect": "Increases TEE or pct_fat."
      }
    ],

    "calculation_steps": {
      "BMR_male": "BMR = 10W + 6.25H - 5A + 5",
      "BMR_female": "BMR = 10W + 6.25H - 5A - 161",
      "TEE_sedentary": "TEE = BMR × 1.2",
      "TEE_moderate": "TEE = BMR × 1.55",
      "TEE_high": "TEE = BMR × 1.725",
      "fat_kcal": "fat_kcal = TEE × pct_fat",
      "fat_g": "fat_g = fat_kcal / 9",
      "oil_tbsp": "oil_tbsp = fat_g / 13.5"
    },

    "calculation_flow": [
      "1. Calculate BMR using age, sex, weight, height",
      "2. Adjust BMR based on activity to get TEE",
      "3. Apply pct_fat to get fat_kcal",
      "4. Convert fat_kcal → fat_g",
      "5. Convert fat_g → oil_tbsp"
    ]
  }
}
